File,CommonGain,DurationSeconds
mixture.wav,0.124526975156326,6.4603125
clean_target.wav,0.124526975156326,6.4603125
clean_interferer.wav,0.124526975156326,6.4603125
estimate_Mixture.wav,0.124526975156326,6.4603125
estimate_Wiener.wav,0.124526975156326,6.4603125
estimate_ILD.wav,0.124526975156326,6.4603125
estimate_IPD.wav,0.124526975156326,6.4603125
estimate_ILD_IPD.wav,0.124526975156326,6.4603125
estimate_Wiener_ILD_IPD.wav,0.124526975156326,6.4603125
estimate_OraclePowerRatio.wav,0.124526975156326,6.4603125
residual_background.wav,0.124526975156326,6.4603125
remix_target.wav,0.124526975156326,6.465625
remix_residual.wav,0.124526975156326,6.465625
remix_idealTarget.wav,0.124526975156326,6.465625
remix_idealResidual.wav,0.124526975156326,6.465625
remix_combined.wav,0.124526975156326,6.465625
remix_idealCombined.wav,0.124526975156326,6.465625
