RequestedSeparationDeg,InputSNRdB,Method,NumPairs,ActualSeparationDeg_Mean,ActualSeparationDeg_SD,ActualSeparationDeg_ValidN,SNRImprovementdB_Mean,SNRImprovementdB_SD,SNRImprovementdB_ValidN,SISDRImprovementdB_Mean,SISDRImprovementdB_SD,SISDRImprovementdB_ValidN,SIRImprovementdB_Mean,SIRImprovementdB_SD,SIRImprovementdB_ValidN,ILD_RMSE_dB_Mean,ILD_RMSE_dB_SD,ILD_RMSE_dB_ValidN,IPD_RMSE_rad_Mean,IPD_RMSE_rad_SD,IPD_RMSE_rad_ValidN,CueEnergyCoverage_Mean,CueEnergyCoverage_SD,CueEnergyCoverage_ValidN
15,0,Mixture,3,13.3,0,3,-4.82163733276644e-16,4.82163733276644e-16,3,4.07081775695891e-16,1.86548305116345e-15,3,-1.60721244425548e-16,2.78377361200745e-16,3,0.698493966330631,0.383427038685424,3,0.111686955225267,0.0483732713642611,3,1,0,3
15,0,Wiener,3,13.3,0,3,0.412075012243288,0.258833864749617,3,-0.251599432618997,0.221510088287264,3,-0.0773551953642996,0.100191659287845,3,0.724196001346586,0.338821450855626,3,0.113599578523574,0.0498719011646798,3,0.999740736837669,0.000254648237335997,3
15,0,ILD,3,13.3,0,3,0.671954891040815,0.258572637668291,3,0.595521739062178,0.278481500258222,3,0.627315730850578,0.28777218652197,3,0.635950948184915,0.331432467599697,3,0.106438974795288,0.0469836308615243,3,1,0,3
15,0,IPD,3,13.3,0,3,2.3744927308654,0.719905412616183,3,2.27794372922375,0.744763033103673,3,2.33460058501392,0.752940840322126,3,0.578983890253706,0.323199508432763,3,0.0910556173561531,0.0527723055649948,3,0.999997754047228,3.89010431222048e-06,3
15,0,ILD_IPD,3,13.3,0,3,2.53625354009092,0.704380033322976,3,2.38888415700769,0.764592218963166,3,2.47147368101487,0.755865143476142,3,0.536175332416695,0.293388302021468,3,0.0885506356794005,0.0525023468531311,3,0.999993184019656,1.01820862223294e-05,3
15,0,Wiener_ILD_IPD,3,13.3,0,3,2.86398077041182,0.660301449675217,3,2.10004348720569,0.834272274042988,3,2.42660346301126,0.776154661086473,3,0.57409411396452,0.230670478185373,3,0.0893711594594663,0.0541057584055228,3,0.999693511157987,0.000290526515477001,3
15,0,OraclePowerRatio,3,13.3,0,3,15.781730943282,5.87350372856663,3,15.5665942389213,5.97830106829822,3,17.9101728308054,5.92314401082963,3,0.557221666607939,0.319222755509998,3,0.0830574232502574,0.0517161737947798,3,0.999999830385402,2.93781100858304e-07,3
30,0,Mixture,3,30,0,3,-4.82163733276644e-16,4.82163733276644e-16,3,-2.03540887847945e-16,5.15785927478339e-16,3,-3.21442488851096e-16,1.47303453673515e-15,3,1.18167042646127,0.659874989869993,3,0.192150991039873,0.106696916927606,3,1,0,3
30,0,Wiener,3,30,0,3,0.395932999047549,0.245969903778581,3,-0.261261845472456,0.222631489397362,3,-0.0909400474799903,0.101775934866488,3,1.16326687994372,0.637270603485355,3,0.195341305965235,0.105667949841393,3,0.999728333866224,0.000264900261619373,3
30,0,ILD,3,30,0,3,2.09143657595679,0.675765391573522,3,1.75347010405858,0.69709906855017,3,1.98748145643205,0.746383667682587,3,0.984732410191659,0.523364488604412,3,0.179471181274611,0.102981890893775,3,1,0,3
30,0,IPD,3,30,0,3,5.2676574270228,1.02077120625314,3,4.88228690551058,1.09730799794385,3,5.21411270737072,1.07051818940021,3,0.964349769323994,0.513077590952893,3,0.123729938132512,0.0672973319286035,3,0.999992404469746,1.14011681162819e-05,3
30,0,ILD_IPD,3,30,0,3,5.8095832222965,1.43129149514816,3,5.28083322900425,1.55635540998373,3,5.78726638148407,1.48353303008585,3,0.82726057638489,0.444957843567618,3,0.115893196394716,0.0631226232050929,3,0.999981531371291,2.6793619680429e-05,3
30,0,Wiener_ILD_IPD,3,30,0,3,5.92202485334688,1.31744127208386,3,4.89125454180662,1.67370244391097,3,5.76915742437254,1.49199008139525,3,0.806307696114867,0.388947756842513,3,0.115953457757633,0.06089975562111,3,0.999662836228305,0.00034827012892446,3
30,0,OraclePowerRatio,3,30,0,3,15.9126815531721,5.93705307170581,3,15.5458716326104,5.98901325669723,3,17.9974471429031,5.95575225880989,3,0.929539510421552,0.489338382822802,3,0.138810423148098,0.0814513410003013,3,0.999999830385402,2.93781100858304e-07,3
60,0,Mixture,3,60,0,3,-4.82163733276644e-16,4.82163733276644e-16,3,1.11022302462516e-16,7.28021923224409e-16,3,-1.31476817536835e-31,9.64327466553287e-16,3,1.6260845879455,0.876445603521259,3,0.266469046412917,0.156496827885211,3,1,0,3
60,0,Wiener,3,60,0,3,0.373639243677665,0.217200316198784,3,-0.281589164473525,0.236386187721315,3,-0.107980801784494,0.11869773174269,3,1.61105663685377,0.88816777233231,3,0.268021649837766,0.156089052713515,3,0.999721730789691,0.000237045088497327,3
60,0,ILD,3,60,0,3,3.98250942077037,1.08847333842928,3,3.17915698664692,1.06850479600542,3,3.85976029250462,1.17435825362573,3,1.30891538396432,0.669296443798451,3,0.242362825943604,0.148768186476088,3,0.999999722169812,4.81216001050487e-07,3
60,0,IPD,3,60,0,3,8.56324338522627,2.23867194365658,3,7.9549898345017,2.56491315500792,3,8.94881590081093,2.50467396925994,3,1.20482557099509,0.613170334675332,3,0.143337750976268,0.0757155253722123,3,0.999992671325363,8.11495719506862e-06,3
60,0,ILD_IPD,3,60,0,3,9.86518951555934,3.73235104240307,3,8.86309184243694,3.84903536624059,3,10.9128358224973,3.94071548036706,3,0.938059888719558,0.440479874650336,3,0.130561682634631,0.0694368523058662,3,0.999969812518408,3.82207986615872e-05,3
60,0,Wiener_ILD_IPD,3,60,0,3,9.3174294699761,3.36058396279642,3,8.06326770319458,3.67882515960768,3,10.8813502713183,4.03360301236068,3,0.975545287675889,0.453443960520611,3,0.133109064072579,0.0719536407144915,3,0.999644541763981,0.000342121266700582,3
60,0,OraclePowerRatio,3,60,0,3,16.0615399979515,5.94135355353326,3,15.3914838055851,5.89318874939444,3,18.0869946468254,5.90461692956248,3,1.34452721360821,0.71903697662297,3,0.189817433217647,0.110249195830832,3,0.999998767330647,1.41560707638991e-06,3
90,0,Mixture,3,90,0,3,-1.60721244425548e-16,2.78377361200745e-16,3,5.55111512312578e-16,6.75322301446426e-16,3,-4.82163733276644e-16,8.35132083602235e-16,3,1.83201436610073,0.934667144498177,3,0.29758046466925,0.167959656429569,3,1,0,3
90,0,Wiener,3,90,0,3,0.349813620083376,0.20236545782104,3,-0.292682966655404,0.211092770698388,3,-0.127261389677727,0.0977052987720617,3,1.80099896847445,0.941218785317627,3,0.298468906348204,0.168189253445373,3,0.999791918343812,0.000198107152743016,3
90,0,ILD,3,90,0,3,4.61874545943917,0.710526574693321,3,3.75297734176688,0.831170635377881,3,4.5247565661042,0.771064384022895,3,1.429410755359,0.690091590793284,3,0.272851487632046,0.161900804217603,3,1,0,3
90,0,IPD,3,90,0,3,8.96992915477796,2.6549629525608,3,8.49383538329461,3.04817043351509,3,9.87612281919694,3.66914939593158,3,1.29958067478803,0.611024950151877,3,0.149639210068146,0.0708703321118373,3,0.999995451277516,4.59928329596053e-06,3
90,0,ILD_IPD,3,90,0,3,10.782902044304,4.12763459927404,3,9.76759373850951,4.35641225004934,3,13.0161147792957,4.80357693769003,3,0.982789793113402,0.406244908392788,3,0.13488910394266,0.0671458744041945,3,0.999975097941465,2.23125724119798e-05,3
90,0,Wiener_ILD_IPD,3,90,0,3,9.91929560505403,3.45585671160223,3,8.76643889038474,3.86270002415346,3,13.0005389215987,4.89548323901456,3,1.00516950404424,0.363365802623679,3,0.136796448437774,0.0699692788460495,3,0.999716600445575,0.00025308002708478,3
90,0,OraclePowerRatio,3,90,0,3,15.9507250815366,5.55040283418719,3,15.2794573086538,5.64914145161297,3,17.9616362055325,5.47741272894967,3,1.513451073094,0.761097478580948,3,0.211332297319257,0.116413692975598,3,0.999998612605335,1.36791613829298e-06,3
