Pair,RequestedSeparationDeg,ActualSeparationDeg,InputSNRdB,Method,ReconstructionSNRdB,SNRImprovementdB,SISDRdB,SISDRImprovementdB,OutputSIRdB,SIRImprovementdB,ILD_RMSE_dB,IPD_RMSE_rad,CueEnergyCoverage,STOI,ComplementMaxError
1,15,13.3,0,Mixture,0,0,0.0545182292634518,2.44249065417534e-15,0,0,0.869011203234998,0.121741876038584,1,NaN,2.66453525910038e-15
1,15,13.3,0,Wiener,0.697452442182081,0.697452442182081,-0.450342758357311,-0.50486098762076,-0.172158387217821,-0.172158387217821,0.864510960244426,0.12742212412117,0.999452303970855,NaN,2.66453525910038e-15
1,15,13.3,0,ILD,0.687951397118498,0.687951397118498,0.649696028395599,0.595177799132149,0.633136862764244,0.633136862764244,0.766090670301196,0.115458541192818,1,NaN,2.66453525910038e-15
1,15,13.3,0,IPD,2.07474082404922,2.07474082404922,2.01482656784848,1.96030833858503,2.02585893266333,2.02585893266333,0.71209224644443,0.0903783937543974,0.999993262141684,NaN,2.66453525910038e-15
1,15,13.3,0,ILD_IPD,2.22135030556238,2.22135030556238,2.10092381516844,2.04640558590499,2.14602853688446,2.14602853688446,0.642299024774343,0.0870643623576985,0.99998147954295,NaN,2.66453525910038e-15
1,15,13.3,0,Wiener_ILD_IPD,2.7978249228705,2.7978249228705,1.58098021420294,1.52646198493949,2.08231342882148,2.08231342882148,0.640654458735702,0.0919244243388562,0.999363375338585,NaN,2.66453525910038e-15
1,15,13.3,0,OraclePowerRatio,12.2025202448303,12.2025202448303,11.9806750508607,11.9261568215972,13.907281503453,13.907281503453,0.689554153732122,0.095175807258327,1,NaN,2.66453525910038e-15
1,30,30,0,Mixture,0,0,0.240848352774279,2.22044604925031e-16,9.64327466553287e-16,9.64327466553287e-16,1.41738211486174,0.220329847114254,1,NaN,2.66453525910038e-15
1,30,30,0,Wiener,0.669630942154302,0.669630942154302,-0.275623339321246,-0.516471692095524,-0.193247279772407,-0.193247279772407,1.36135841048945,0.22417216257791,0.999424264419,NaN,2.66453525910038e-15
1,30,30,0,ILD,1.97050602381362,1.97050602381362,1.82237642832618,1.5815280755519,1.84703675795028,1.84703675795028,1.19701225179174,0.202851662987913,1,NaN,2.66453525910038e-15
1,30,30,0,IPD,4.28952527104222,4.28952527104222,4.09255120869267,3.8517028559184,4.19075462448209,4.19075462448209,1.15118589753197,0.157527602788471,0.999979294477467,NaN,2.66453525910038e-15
1,30,30,0,ILD_IPD,4.51459798797629,4.51459798797629,4.15585036148226,3.91500200870798,4.41086305795366,4.41086305795366,0.972287757670789,0.147009557392157,0.999950801002164,NaN,3.5527136788005e-15
1,30,30,0,Wiener_ILD_IPD,4.74242272930545,4.74242272930545,3.50638540508256,3.26553705230828,4.36993197175941,4.36993197175941,0.944781375129315,0.143722805891253,0.999262551676244,NaN,2.66453525910038e-15
1,30,30,0,OraclePowerRatio,12.3496961443384,12.3496961443384,12.1560919393613,11.915243586587,14.0290666727586,14.0290666727586,1.1379528369182,0.16100698787073,1,NaN,2.66453525910038e-15
1,60,60,0,Mixture,-1.92865493310657e-15,-9.64327466553287e-16,0.605161901477469,7.7715611723761e-16,-9.64327466553287e-16,-9.64327466553287e-16,1.92310111930212,0.309464277760828,1,NaN,2.66453525910038e-15
1,60,60,0,Wiener,0.616350450984484,0.616350450984485,0.0516260388665439,-0.553535862610924,-0.234260711147357,-0.234260711147357,1.88112606701319,0.307593401622719,0.999448026563374,NaN,2.66453525910038e-15
1,60,60,0,ILD,3.59370349875067,3.59370349875067,3.33516730218207,2.7300054007046,3.44906706103931,3.44906706103931,1.58986837537032,0.279265870536075,0.999999166509437,NaN,3.5527136788005e-15
1,60,60,0,IPD,6.05538783122698,6.05538783122698,5.77282074402825,5.16765884255078,6.05696438970823,6.05696438970823,1.45253151800511,0.172527412550472,0.999983950267138,NaN,2.66453525910038e-15
1,60,60,0,ILD_IPD,6.35687961201995,6.35687961201995,5.79520053390373,5.19003863242627,6.56126445977334,6.56126445977334,1.12739620650899,0.156499314671163,0.999926837486094,NaN,2.66453525910038e-15
1,60,60,0,Wiener_ILD_IPD,6.04017743826561,6.04017743826561,4.90740342318659,4.30224152170912,6.38941231818399,6.38941231818399,1.12312286652015,0.157325511398077,0.999249848505009,NaN,2.66453525910038e-15
1,60,60,0,OraclePowerRatio,12.5791495524168,12.5791495524168,12.457127623074,11.8519657215965,14.2341675874056,14.2341675874056,1.55716572085631,0.215782266098716,0.999999080693821,NaN,3.5527136788005e-15
1,90,90,0,Mixture,-9.64327466553287e-16,0,0.713862822034186,8.88178419700125e-16,0,0,2.11483121575319,0.341463217678886,1,NaN,3.5527136788005e-15
1,90,90,0,Wiener,0.572575255144598,0.572575255144599,0.179459584257374,-0.534403237776812,-0.239220847279264,-0.239220847279264,2.07468805492891,0.338562693710438,0.9995631701702,NaN,3.5527136788005e-15
1,90,90,0,ILD,4.4779150067132,4.47791500671321,4.1970592886471,3.48319646661292,4.37493752755204,4.37493752755204,1.70201050526724,0.30863373692817,1,NaN,3.5527136788005e-15
1,90,90,0,IPD,5.90448967705396,5.90448967705396,5.75028763379086,5.03642481175668,5.91065763950026,5.91065763950026,1.56047470478355,0.180736002673721,0.999990803048194,NaN,2.66453525910038e-15
1,90,90,0,ILD_IPD,7.02136891634957,7.02136891634957,6.425154601212,5.71129177917781,7.49430301883701,7.49430301883701,1.20978285003061,0.15985153232334,0.999951187522148,NaN,3.5527136788005e-15
1,90,90,0,Wiener_ILD_IPD,6.55971497033479,6.55971497033479,5.55017765975118,4.83631483771699,7.35492982957439,7.35492982957439,1.19294854136205,0.161051214588437,0.999424395715224,NaN,3.5527136788005e-15
1,90,90,0,OraclePowerRatio,12.7775347026073,12.7775347026073,12.6905326905879,11.9766698685537,14.4189047560086,14.4189047560086,1.73671906720206,0.236822034229583,0.999997265037531,NaN,3.5527136788005e-15
2,15,13.3,0,Mixture,-1.44649119982993e-15,-9.64327466553287e-16,0.0898533871145891,-1.22124532708767e-15,-4.82163733276644e-16,-4.82163733276644e-16,0.25938623040894,0.0590764378754188,1,NaN,2.66453525910038e-15
2,15,13.3,0,Wiener,0.346293783270835,0.346293783270836,-0.00412078814665473,-0.093974175261245,0.0274714360577923,0.0274714360577923,0.337757381467139,0.0582743671256359,0.999835449879433,NaN,2.66453525910038e-15
2,15,13.3,0,ILD,0.922157902126914,0.922157902126914,0.964028437105703,0.874175049991113,0.912133191253828,0.912133191253828,0.259199807411666,0.0555994264834514,1,NaN,2.66453525910038e-15
2,15,13.3,0,IPD,3.1958412443116,3.1958412443116,3.21871508939072,3.12886170227613,3.19283848180899,3.19283848180899,0.210486759954898,0.0386251827302657,1,NaN,2.22044604925031e-15
2,15,13.3,0,ILD_IPD,3.34314968616938,3.34314968616938,3.35469846447038,3.26484507735579,3.33554938007365,3.33554938007365,0.204491848163358,0.0368072057846424,1,NaN,2.66453525910038e-15
2,15,13.3,0,Wiener_ILD_IPD,3.55486988086165,3.55486988086165,3.14695878135254,3.05710539423794,3.31534762690612,3.31534762690612,0.317461843123989,0.0340339709601213,0.999806970814898,NaN,2.22044604925031e-15
2,15,13.3,0,OraclePowerRatio,22.5603225754668,22.5603225754668,22.5560851224261,22.4662317353115,24.7143552912551,24.7143552912551,0.193113730303724,0.0263581166260266,1,NaN,3.5527136788005e-15
2,30,30,0,Mixture,-1.44649119982993e-15,-9.64327466553287e-16,0.364321994835237,-7.7715611723761e-16,0,0,0.436307608419733,0.0741929145344811,1,NaN,2.66453525910038e-15
2,30,30,0,Wiener,0.324797576471486,0.324797576471487,0.257418216625266,-0.106903778209973,0.0102961363265004,0.0102961363265004,0.450475539362063,0.078250165321862,0.999851585312493,NaN,2.66453525910038e-15
2,30,30,0,ILD,2.81950256773896,2.81950256773896,2.88477270595645,2.52045071112121,2.79411065272461,2.79411065272461,0.388578877774717,0.0668092381534261,1,NaN,2.66453525910038e-15
2,30,30,0,IPD,6.32629963652939,6.32629963652939,6.40026385474871,6.03594185991347,6.32626062350929,6.32626062350929,0.384035607232751,0.0462322668506285,1,NaN,2.66453525910038e-15
2,30,30,0,ILD_IPD,7.34637628151931,7.34637628151931,7.33956525830919,6.97524326347396,7.35864733964754,7.35864733964754,0.327883049494633,0.043253542377876,1,NaN,2.66453525910038e-15
2,30,30,0,Wiener_ILD_IPD,7.34372472358146,7.34372472358146,6.97345564249236,6.60913364765712,7.33920711137844,7.33920711137844,0.367072021855456,0.0461185583750451,0.999829492824754,NaN,2.66453525910038e-15
2,30,30,0,OraclePowerRatio,22.766397676227,22.766397676227,22.8227799388942,22.4584579440589,24.8457870777123,24.8457870777123,0.370497748585195,0.0485616174996114,1,NaN,2.66453525910038e-15
2,60,60,0,Mixture,9.64327466553287e-16,0,0.934643487873798,2.22044604925031e-16,9.64327466553287e-16,9.64327466553287e-16,0.639726227675442,0.0929687508312111,1,NaN,2.66453525910038e-15
2,60,60,0,Wiener,0.307005022888736,0.307005022888735,0.809329760404497,-0.125313727469301,0.00130229853461473,0.00130229853461473,0.619202880797639,0.0959552770899633,0.999856375788677,NaN,2.66453525910038e-15
2,60,60,0,ILD,5.2119953131066,5.2119953131066,5.33356451034883,4.39892102247503,5.18431002210013,5.18431002210013,0.544935245813048,0.0786164404131905,1,NaN,3.5527136788005e-15
2,60,60,0,IPD,10.3599855517932,10.3599855517932,11.1504025887932,10.2157591009194,10.4306278736074,10.4306278736074,0.506551861280324,0.0573719630337676,1,NaN,2.66453525910038e-15
2,60,60,0,ILD_IPD,13.7871234042303,13.7871234042303,13.8014221365687,12.8667786486949,14.2406234585213,14.2406234585213,0.434568615206269,0.0518897016134537,1,NaN,3.5527136788005e-15
2,60,60,0,Wiener_ILD_IPD,12.7555662280865,12.7555662280865,12.5886190372697,11.6539755493959,14.1935384233924,14.1935384233924,0.466696652945707,0.0521713469403243,0.999856375788677,NaN,3.5527136788005e-15
2,60,60,0,OraclePowerRatio,22.9217585295854,22.9217585295854,23.1291290710887,22.1944855832149,24.8848857575704,24.8848857575704,0.543151974701262,0.0689032986797953,1,NaN,2.66453525910038e-15
2,90,90,0,Mixture,-4.82163733276644e-16,0,0.848037815784009,-2.22044604925031e-16,0,0,0.788600595853045,0.112035377390011,1,NaN,2.66453525910038e-15
2,90,90,0,Wiener,0.299545149732012,0.299545149732012,0.649037038890054,-0.199000776893955,-0.0592344496513192,-0.0592344496513192,0.75326831008156,0.113855943455581,0.999907758298885,NaN,2.66453525910038e-15
2,90,90,0,ILD,5.38914147199144,5.38914147199144,5.53356362628241,4.6855258104984,5.3597358032839,5.3597358032839,0.644656228215476,0.0960528635297755,1,NaN,2.66453525910038e-15
2,90,90,0,IPD,10.4689015118332,10.4689015118332,11.6416100922205,10.7935722764365,10.5669685250167,10.5669685250167,0.60141698878032,0.0685366675129932,1,NaN,2.66453525910038e-15
2,90,90,0,ILD_IPD,15.1985293106868,15.1985293106868,15.2202410535985,14.3722032378145,16.2314956949812,16.2314956949812,0.51377879282756,0.0588372493079417,0.999995363973809,NaN,2.66453525910038e-15
2,90,90,0,Wiener_ILD_IPD,13.4639878180212,13.4639878180212,13.4060231081755,12.5579852923914,16.0704863989522,16.0704863989522,0.586335403380421,0.0579271765558714,0.999866137454796,NaN,2.66453525910038e-15
2,90,90,0,OraclePowerRatio,22.3596764104891,22.3596764104891,22.6503871237106,21.8023493079266,24.2704946973053,24.2704946973053,0.665690100574798,0.084285841401807,1,NaN,2.66453525910038e-15
3,15,13.3,0,Mixture,-4.82163733276644e-16,-4.82163733276644e-16,0.0603999666433723,0,0,0,0.967084465347954,0.154242551761799,1,NaN,3.5527136788005e-15
3,15,13.3,0,Wiener,0.192478811276948,0.192478811276948,-0.0955631683316139,-0.155963134974986,-0.0873786349328704,-0.0873786349328704,0.970319662328194,0.155102244323918,0.99993445666272,NaN,3.5527136788005e-15
3,15,13.3,0,ILD,0.405755373877034,0.405755373877034,0.377612334706643,0.31721236806327,0.336677138533663,0.336677138533663,0.882562366841882,0.148258956709595,1,NaN,3.5527136788005e-15
3,15,13.3,0,IPD,1.85289612423539,1.85289612423539,1.80506111345346,1.74466114681008,1.78510434056945,1.78510434056945,0.814372664361789,0.144163275583796,1,NaN,3.5527136788005e-15
3,15,13.3,0,ILD_IPD,2.04426062854102,2.04426062854102,1.91580177440565,1.85540180776228,1.93284312608651,1.93284312608651,0.761735124312383,0.141780338895861,0.999998072516017,NaN,3.5527136788005e-15
3,15,13.3,0,Wiener_ILD_IPD,2.23924750750331,2.23924750750331,1.776963049083,1.71656308243963,1.88214933330616,1.88214933330616,0.764166040033868,0.142155083079421,0.999910187320478,NaN,3.5527136788005e-15
3,15,13.3,0,OraclePowerRatio,12.5823500095488,12.5823500095488,12.3677941264985,12.3073941598551,15.1088816977081,15.1088816977081,0.788997115787971,0.127638345866419,0.999999491156207,NaN,3.5527136788005e-15
3,30,30,0,Mixture,-2.41081866638322e-15,-4.82163733276643e-16,0.168692320835323,-5.55111512312578e-17,-1.92865493310657e-15,-1.92865493310657e-15,1.69132155610235,0.281930211470885,1,NaN,3.5527136788005e-15
3,30,30,0,Wiener,0.193370478516856,0.193370478516858,0.00828225472345101,-0.160410066111872,-0.0898689989940646,-0.0898689989940646,1.67796668997966,0.283601589995932,0.99990915186718,NaN,3.5527136788005e-15
3,30,30,0,ILD,1.4843011363178,1.4843011363178,1.32712384633796,1.15843152550264,1.32129695862127,1.32129695862127,1.36860610100853,0.268752642682496,1,NaN,3.5527136788005e-15
3,30,30,0,IPD,5.18714737349679,5.18714737349679,4.9279083215352,4.75921600069988,5.12532287412077,5.12532287412077,1.35782780320726,0.167429944758435,0.999997918931772,NaN,3.5527136788005e-15
3,30,30,0,ILD_IPD,5.5677753973939,5.5677753973939,5.12094673566614,4.95225441483082,5.59228874685101,5.59228874685101,1.18161092198925,0.157416489414116,0.999993793111708,NaN,3.5527136788005e-15
3,30,30,0,Wiener_ILD_IPD,5.67992710715373,5.67992710715374,4.96778524628979,4.79909292545447,5.59833318997977,5.59833318997977,1.10706969135983,0.1580190090066,0.999896464183918,NaN,3.5527136788005e-15
3,30,30,0,OraclePowerRatio,12.621950838951,12.621950838951,12.4326056880205,12.2639133671851,15.1174876782385,15.1174876782385,1.28016794576127,0.206862664073952,0.999999491156207,NaN,2.66453525910038e-15
3,60,60,0,Mixture,-4.82163733276644e-16,-4.82163733276644e-16,0.425404102854721,-6.66133814775094e-16,0,0,2.31542641685895,0.396974110646711,1,NaN,3.5527136788005e-15
3,60,60,0,Wiener,0.197562257159775,0.197562257159775,0.259486199514371,-0.165917903340351,-0.0909839927407387,-0.0909839927407387,2.33284096275049,0.400516270800615,0.999860790017021,NaN,3.5527136788005e-15
3,60,60,0,ILD,3.14182945045386,3.14182945045386,2.83394863961585,2.40854453676112,2.94590379437441,2.94590379437441,1.7919425307096,0.369206166881547,1,NaN,3.5527136788005e-15
3,60,60,0,IPD,9.27435677265862,9.27435677265862,8.90695566288968,8.48155156003496,10.3588554391172,10.3588554391172,1.65539333369984,0.200113877344564,0.999994063708951,NaN,3.5527136788005e-15
3,60,60,0,ILD_IPD,9.45156553042774,9.45156553042774,8.95786234904433,8.5324582461896,11.9366195491972,11.9366195491972,1.25221484444341,0.183296031619276,0.999982600069129,NaN,2.66453525910038e-15
3,60,60,0,Wiener_ILD_IPD,9.15654474357623,9.15654474357623,8.65899014133343,8.23358603847871,12.0611000723786,12.0611000723786,1.33681634356181,0.189830333879334,0.999827400998258,NaN,3.5527136788005e-15
3,60,60,0,OraclePowerRatio,12.6837119118523,12.6837119118523,12.5534042147986,12.1280001119439,15.1419305955002,15.1419305955002,1.93326394526705,0.28476673487443,0.999997221298119,NaN,3.5527136788005e-15
3,90,90,0,Mixture,-2.41081866638322e-15,-4.82163733276643e-16,0.548182727639344,9.99200722162641e-16,-1.44649119982993e-15,-1.44649119982993e-15,2.59261128669595,0.439242798938853,1,NaN,3.5527136788005e-15
3,90,90,0,Wiener,0.177320455373514,0.177320455373516,0.403537842343897,-0.144644885295446,-0.083328872102599,-0.083328872102599,2.57504054041287,0.442988081878593,0.999904826562351,NaN,3.5527136788005e-15
3,90,90,0,ILD,3.98917989961286,3.98917989961286,3.63839247582866,3.09020974818931,3.83959636747666,3.83959636747666,1.94156553259428,0.413867862438191,1,NaN,3.5527136788005e-15
3,90,90,0,IPD,10.5363962754467,10.5363962754467,10.19969178933,9.6515090616907,13.1507422930738,13.1507422930738,1.73685033080024,0.199644960017724,0.999995550784353,NaN,3.5527136788005e-15
3,90,90,0,ILD_IPD,10.1288079058755,10.1288079058755,9.76746892617553,9.21928619853619,15.3225456240687,15.3225456240687,1.22480773648204,0.185978530196698,0.99997874232844,NaN,3.5527136788005e-15
3,90,90,0,Wiener_ILD_IPD,9.73418402680608,9.73418402680608,9.45319926868514,8.90501654104579,15.5762005362694,15.5762005362694,1.23622456739025,0.191410954169014,0.999859268166704,NaN,3.5527136788005e-15
3,90,90,0,OraclePowerRatio,12.7149641315133,12.7149641315133,12.6075354771205,12.0593527494812,15.1955091632835,15.1955091632835,2.13794405150514,0.312889016326379,0.999998572778473,NaN,3.5527136788005e-15
